id,finding,split,aspect-level-certainty
id,finding,split,aspect-level-certainty
id,finding,split,aspect-level-certainty
id,finding,split,aspect-level-certainty
id,finding,split,aspect-level-certainty
id,finding,split,aspect-level-certainty
id,finding,split,aspect-level-certainty
id,finding,split,aspect-level-certainty
id,finding,split,aspect-level-certainty
id,finding,split,aspect-level-certainty
id,finding,split,aspect-level-certainty
id,finding,split,aspect-level-certainty
id,finding,split,aspect-level-certainty
id,finding,split,aspect-level-certainty
id,finding,split,aspect-level-certainty
id,finding,split,aspect-level-certainty
id,finding,split,aspect-level-certainty
id,finding,split,aspect-level-certainty
id,finding,split,aspect-level-certainty
id,finding,split,aspect-level-certainty
id,finding,split,aspect-level-certainty
id,finding,split,aspect-level-certainty
id,finding,split,aspect-level-certainty
id,finding,split,aspect-level-certainty
id,finding,split,aspect-level-certainty
id,finding,split,aspect-level-certainty
id,finding,split,aspect-level-certainty
id,finding,split,aspect-level-certainty
id,finding,split,aspect-level-certainty
id,finding,split,aspect-level-certainty
id,finding,split,aspect-level-certainty
id,finding,split,aspect-level-certainty
id,finding,split,aspect-level-certainty
id,finding,split,aspect-level-certainty
id,finding,split,aspect-level-certainty
id,finding,split,aspect-level-certainty
id,finding,split,aspect-level-certainty
id,finding,split,aspect-level-certainty
id,finding,split,aspect-level-certainty
id,finding,split,aspect-level-certainty
id,finding,split,aspect-level-certainty
id,finding,split,aspect-level-certainty
id,finding,split,aspect-level-certainty
id,finding,split,aspect-level-certainty
id,finding,split,aspect-level-certainty
id,finding,split,aspect-level-certainty
id,finding,split,aspect-level-certainty
id,finding,split,aspect-level-certainty
id,finding,split,aspect-level-certainty
id,finding,split,aspect-level-certainty
id,finding,split,aspect-level-certainty
id,finding,split,aspect-level-certainty
id,finding,split,aspect-level-certainty
id,finding,split,aspect-level-certainty
id,finding,split,aspect-level-certainty
id,finding,split,aspect-level-certainty
id,finding,split,aspect-level-certainty
id,finding,split,aspect-level-certainty
id,finding,split,aspect-level-certainty
id,finding,split,aspect-level-certainty
id,finding,split,aspect-level-certainty
id,finding,split,aspect-level-certainty
id,finding,split,aspect-level-certainty
id,finding,split,aspect-level-certainty
id,finding,split,aspect-level-certainty
id,finding,split,aspect-level-certainty
id,finding,split,aspect-level-certainty
id,finding,split,aspect-level-certainty
id,finding,split,aspect-level-certainty
id,finding,split,aspect-level-certainty
id,finding,split,aspect-level-certainty
id,finding,split,aspect-level-certainty
id,finding,split,aspect-level-certainty
id,finding,split,aspect-level-certainty
id,finding,split,aspect-level-certainty
id,finding,split,aspect-level-certainty
id,finding,split,aspect-level-certainty
id,finding,split,aspect-level-certainty
id,finding,split,aspect-level-certainty
id,finding,split,aspect-level-certainty
id,finding,split,aspect-level-certainty
id,finding,split,aspect-level-certainty
id,finding,split,aspect-level-certainty
id,finding,split,aspect-level-certainty
id,finding,split,aspect-level-certainty
id,finding,split,aspect-level-certainty
id,finding,split,aspect-level-certainty
id,finding,split,aspect-level-certainty
id,finding,split,aspect-level-certainty
id,finding,split,aspect-level-certainty
id,finding,split,aspect-level-certainty
id,finding,split,aspect-level-certainty
id,finding,split,aspect-level-certainty
id,finding,split,aspect-level-certainty
id,finding,split,aspect-level-certainty
id,finding,split,aspect-level-certainty
id,finding,split,aspect-level-certainty
id,finding,split,aspect-level-certainty
id,finding,split,aspect-level-certainty
id,finding,split,aspect-level-certainty
id,finding,split,aspect-level-certainty
id,finding,split,aspect-level-certainty
id,finding,split,aspect-level-certainty
id,finding,split,aspect-level-certainty
id,finding,split,aspect-level-certainty
id,finding,split,aspect-level-certainty
id,finding,split,aspect-level-certainty
id,finding,split,aspect-level-certainty
id,finding,split,aspect-level-certainty
id,finding,split,aspect-level-certainty
id,finding,split,aspect-level-certainty
id,finding,split,aspect-level-certainty
id,finding,split,aspect-level-certainty
id,finding,split,aspect-level-certainty
id,finding,split,aspect-level-certainty
id,finding,split,aspect-level-certainty
id,finding,split,aspect-level-certainty
id,finding,split,aspect-level-certainty
id,finding,split,aspect-level-certainty
id,finding,split,aspect-level-certainty
id,finding,split,aspect-level-certainty
id,finding,split,aspect-level-certainty
id,finding,split,aspect-level-certainty
id,finding,split,aspect-level-certainty
id,finding,split,aspect-level-certainty
id,finding,split,aspect-level-certainty
id,finding,split,aspect-level-certainty
id,finding,split,aspect-level-certainty
id,finding,split,aspect-level-certainty
id,finding,split,aspect-level-certainty
id,finding,split,aspect-level-certainty
id,finding,split,aspect-level-certainty
id,finding,split,aspect-level-certainty
id,finding,split,aspect-level-certainty
id,finding,split,aspect-level-certainty
id,finding,split,aspect-level-certainty
id,finding,split,aspect-level-certainty
id,finding,split,aspect-level-certainty
id,finding,split,aspect-level-certainty
id,finding,split,aspect-level-certainty
id,finding,split,aspect-level-certainty
id,finding,split,aspect-level-certainty
id,finding,split,aspect-level-certainty
id,finding,split,aspect-level-certainty
id,finding,split,aspect-level-certainty
id,finding,split,aspect-level-certainty
id,finding,split,aspect-level-certainty
id,finding,split,aspect-level-certainty
id,finding,split,aspect-level-certainty
id,finding,split,aspect-level-certainty
id,finding,split,aspect-level-certainty
id,finding,split,aspect-level-certainty
id,finding,split,aspect-level-certainty
id,finding,split,aspect-level-certainty
id,finding,split,aspect-level-certainty
id,finding,split,aspect-level-certainty
id,finding,split,aspect-level-certainty
id,finding,split,aspect-level-certainty
id,finding,split,aspect-level-certainty
id,finding,split,aspect-level-certainty
id,finding,split,aspect-level-certainty
id,finding,split,aspect-level-certainty
id,finding,split,aspect-level-certainty
id,finding,split,aspect-level-certainty
id,finding,split,aspect-level-certainty
id,finding,split,aspect-level-certainty
id,finding,split,aspect-level-certainty
id,finding,split,aspect-level-certainty
id,finding,split,aspect-level-certainty
id,finding,split,aspect-level-certainty
id,finding,split,aspect-level-certainty
id,finding,split,aspect-level-certainty
id,finding,split,aspect-level-certainty
id,finding,split,aspect-level-certainty
id,finding,split,aspect-level-certainty
id,finding,split,aspect-level-certainty
id,finding,split,aspect-level-certainty
id,finding,split,aspect-level-certainty
id,finding,split,aspect-level-certainty
id,finding,split,aspect-level-certainty
id,finding,split,aspect-level-certainty
id,finding,split,aspect-level-certainty
id,finding,split,aspect-level-certainty
id,finding,split,aspect-level-certainty
id,finding,split,aspect-level-certainty
id,finding,split,aspect-level-certainty
id,finding,split,aspect-level-certainty
id,finding,split,aspect-level-certainty
id,finding,split,aspect-level-certainty
id,finding,split,aspect-level-certainty
id,finding,split,aspect-level-certainty
id,finding,split,aspect-level-certainty
id,finding,split,aspect-level-certainty
id,finding,split,aspect-level-certainty
id,finding,split,aspect-level-certainty
id,finding,split,aspect-level-certainty
id,finding,split,aspect-level-certainty
id,finding,split,aspect-level-certainty
id,finding,split,aspect-level-certainty
id,finding,split,aspect-level-certainty
id,finding,split,aspect-level-certainty
id,finding,split,aspect-level-certainty
id,finding,split,aspect-level-certainty
id,finding,split,aspect-level-certainty
id,finding,split,aspect-level-certainty
id,finding,split,aspect-level-certainty
id,finding,split,aspect-level-certainty
id,finding,split,aspect-level-certainty
id,finding,split,aspect-level-certainty
id,finding,split,aspect-level-certainty
id,finding,split,aspect-level-certainty
id,finding,split,aspect-level-certainty
id,finding,split,aspect-level-certainty
id,finding,split,aspect-level-certainty
id,finding,split,aspect-level-certainty
id,finding,split,aspect-level-certainty
id,finding,split,aspect-level-certainty
id,finding,split,aspect-level-certainty
id,finding,split,aspect-level-certainty
id,finding,split,aspect-level-certainty
id,finding,split,aspect-level-certainty
id,finding,split,aspect-level-certainty
id,finding,split,aspect-level-certainty
id,finding,split,aspect-level-certainty
id,finding,split,aspect-level-certainty
id,finding,split,aspect-level-certainty
id,finding,split,aspect-level-certainty
id,finding,split,aspect-level-certainty
id,finding,split,aspect-level-certainty
id,finding,split,aspect-level-certainty
id,finding,split,aspect-level-certainty
id,finding,split,aspect-level-certainty
id,finding,split,aspect-level-certainty
id,finding,split,aspect-level-certainty
id,finding,split,aspect-level-certainty
id,finding,split,aspect-level-certainty
id,finding,split,aspect-level-certainty
id,finding,split,aspect-level-certainty
id,finding,split,aspect-level-certainty
id,finding,split,aspect-level-certainty
id,finding,split,aspect-level-certainty
id,finding,split,aspect-level-certainty
id,finding,split,aspect-level-certainty
id,finding,split,aspect-level-certainty
id,finding,split,aspect-level-certainty
id,finding,split,aspect-level-certainty
id,finding,split,aspect-level-certainty
id,finding,split,aspect-level-certainty
id,finding,split,aspect-level-certainty
id,finding,split,aspect-level-certainty
id,finding,split,aspect-level-certainty
id,finding,split,aspect-level-certainty
id,finding,split,aspect-level-certainty
id,finding,split,aspect-level-certainty
id,finding,split,aspect-level-certainty
id,finding,split,aspect-level-certainty
id,finding,split,aspect-level-certainty
id,finding,split,aspect-level-certainty
id,finding,split,aspect-level-certainty
id,finding,split,aspect-level-certainty
id,finding,split,aspect-level-certainty
id,finding,split,aspect-level-certainty
id,finding,split,aspect-level-certainty
id,finding,split,aspect-level-certainty
id,finding,split,aspect-level-certainty
id,finding,split,aspect-level-certainty
id,finding,split,aspect-level-certainty
id,finding,split,aspect-level-certainty
id,finding,split,aspect-level-certainty
id,finding,split,aspect-level-certainty
id,finding,split,aspect-level-certainty
id,finding,split,aspect-level-certainty
id,finding,split,aspect-level-certainty
id,finding,split,aspect-level-certainty
id,finding,split,aspect-level-certainty
id,finding,split,aspect-level-certainty
id,finding,split,aspect-level-certainty
id,finding,split,aspect-level-certainty
id,finding,split,aspect-level-certainty
id,finding,split,aspect-level-certainty
id,finding,split,aspect-level-certainty
id,finding,split,aspect-level-certainty
id,finding,split,aspect-level-certainty
id,finding,split,aspect-level-certainty
id,finding,split,aspect-level-certainty
id,finding,split,aspect-level-certainty
id,finding,split,aspect-level-certainty
id,finding,split,aspect-level-certainty
id,finding,split,aspect-level-certainty
id,finding,split,aspect-level-certainty
id,finding,split,aspect-level-certainty
id,finding,split,aspect-level-certainty
id,finding,split,aspect-level-certainty
id,finding,split,aspect-level-certainty
id,finding,split,aspect-level-certainty
id,finding,split,aspect-level-certainty
id,finding,split,aspect-level-certainty
id,finding,split,aspect-level-certainty
id,finding,split,aspect-level-certainty
id,finding,split,aspect-level-certainty
id,finding,split,aspect-level-certainty
id,finding,split,aspect-level-certainty
id,finding,split,aspect-level-certainty
id,finding,split,aspect-level-certainty
id,finding,split,aspect-level-certainty
id,finding,split,aspect-level-certainty
id,finding,split,aspect-level-certainty
id,finding,split,aspect-level-certainty
id,finding,split,aspect-level-certainty
id,finding,split,aspect-level-certainty
id,finding,split,aspect-level-certainty
id,finding,split,aspect-level-certainty
id,finding,split,aspect-level-certainty
id,finding,split,aspect-level-certainty
id,finding,split,aspect-level-certainty
id,finding,split,aspect-level-certainty
id,finding,split,aspect-level-certainty
id,finding,split,aspect-level-certainty
id,finding,split,aspect-level-certainty
id,finding,split,aspect-level-certainty
id,finding,split,aspect-level-certainty
id,finding,split,aspect-level-certainty
id,finding,split,aspect-level-certainty
id,finding,split,aspect-level-certainty
id,finding,split,aspect-level-certainty
id,finding,split,aspect-level-certainty
id,finding,split,aspect-level-certainty
id,finding,split,aspect-level-certainty
id,finding,split,aspect-level-certainty
id,finding,split,aspect-level-certainty
id,finding,split,aspect-level-certainty
id,finding,split,aspect-level-certainty
id,finding,split,aspect-level-certainty
id,finding,split,aspect-level-certainty
id,finding,split,aspect-level-certainty
id,finding,split,aspect-level-certainty
id,finding,split,aspect-level-certainty
id,finding,split,aspect-level-certainty
id,finding,split,aspect-level-certainty
id,finding,split,aspect-level-certainty
id,finding,split,aspect-level-certainty
id,finding,split,aspect-level-certainty
id,finding,split,aspect-level-certainty
id,finding,split,aspect-level-certainty
id,finding,split,aspect-level-certainty
id,finding,split,aspect-level-certainty
id,finding,split,aspect-level-certainty
id,finding,split,aspect-level-certainty
id,finding,split,aspect-level-certainty
id,finding,split,aspect-level-certainty
id,finding,split,aspect-level-certainty
id,finding,split,aspect-level-certainty
id,finding,split,aspect-level-certainty
id,finding,split,aspect-level-certainty
id,finding,split,aspect-level-certainty
id,finding,split,aspect-level-certainty
id,finding,split,aspect-level-certainty
id,finding,split,aspect-level-certainty
id,finding,split,aspect-level-certainty
id,finding,split,aspect-level-certainty
id,finding,split,aspect-level-certainty
id,finding,split,aspect-level-certainty
id,finding,split,aspect-level-certainty
id,finding,split,aspect-level-certainty
id,finding,split,aspect-level-certainty
id,finding,split,aspect-level-certainty
id,finding,split,aspect-level-certainty
id,finding,split,aspect-level-certainty
id,finding,split,aspect-level-certainty
id,finding,split,aspect-level-certainty
id,finding,split,aspect-level-certainty
id,finding,split,aspect-level-certainty
id,finding,split,aspect-level-certainty
id,finding,split,aspect-level-certainty
id,finding,split,aspect-level-certainty
id,finding,split,aspect-level-certainty
id,finding,split,aspect-level-certainty
id,finding,split,aspect-level-certainty
id,finding,split,aspect-level-certainty
id,finding,split,aspect-level-certainty
id,finding,split,aspect-level-certainty
id,finding,split,aspect-level-certainty
id,finding,split,aspect-level-certainty
id,finding,split,aspect-level-certainty
id,finding,split,aspect-level-certainty
id,finding,split,aspect-level-certainty
id,finding,split,aspect-level-certainty
id,finding,split,aspect-level-certainty
id,finding,split,aspect-level-certainty
id,finding,split,aspect-level-certainty
id,finding,split,aspect-level-certainty
id,finding,split,aspect-level-certainty
id,finding,split,aspect-level-certainty
id,finding,split,aspect-level-certainty
id,finding,split,aspect-level-certainty
id,finding,split,aspect-level-certainty
id,finding,split,aspect-level-certainty
id,finding,split,aspect-level-certainty
id,finding,split,aspect-level-certainty
id,finding,split,aspect-level-certainty
id,finding,split,aspect-level-certainty
id,finding,split,aspect-level-certainty
id,finding,split,aspect-level-certainty
id,finding,split,aspect-level-certainty
id,finding,split,aspect-level-certainty
id,finding,split,aspect-level-certainty
id,finding,split,aspect-level-certainty
id,finding,split,aspect-level-certainty
id,finding,split,aspect-level-certainty
id,finding,split,aspect-level-certainty
id,finding,split,aspect-level-certainty
id,finding,split,aspect-level-certainty
id,finding,split,aspect-level-certainty
id,finding,split,aspect-level-certainty
id,finding,split,aspect-level-certainty
id,finding,split,aspect-level-certainty
id,finding,split,aspect-level-certainty
id,finding,split,aspect-level-certainty
id,finding,split,aspect-level-certainty
id,finding,split,aspect-level-certainty
id,finding,split,aspect-level-certainty
id,finding,split,aspect-level-certainty
id,finding,split,aspect-level-certainty
id,finding,split,aspect-level-certainty
id,finding,split,aspect-level-certainty
id,finding,split,aspect-level-certainty
id,finding,split,aspect-level-certainty
id,finding,split,aspect-level-certainty
id,finding,split,aspect-level-certainty
id,finding,split,aspect-level-certainty
id,finding,split,aspect-level-certainty
id,finding,split,aspect-level-certainty
id,finding,split,aspect-level-certainty
id,finding,split,aspect-level-certainty
id,finding,split,aspect-level-certainty
id,finding,split,aspect-level-certainty
id,finding,split,aspect-level-certainty
id,finding,split,aspect-level-certainty
id,finding,split,aspect-level-certainty
id,finding,split,aspect-level-certainty
id,finding,split,aspect-level-certainty
id,finding,split,aspect-level-certainty
id,finding,split,aspect-level-certainty
id,finding,split,aspect-level-certainty
id,finding,split,aspect-level-certainty
id,finding,split,aspect-level-certainty
id,finding,split,aspect-level-certainty
id,finding,split,aspect-level-certainty
id,finding,split,aspect-level-certainty
id,finding,split,aspect-level-certainty
id,finding,split,aspect-level-certainty
id,finding,split,aspect-level-certainty
id,finding,split,aspect-level-certainty
id,finding,split,aspect-level-certainty
id,finding,split,aspect-level-certainty
id,finding,split,aspect-level-certainty
id,finding,split,aspect-level-certainty
id,finding,split,aspect-level-certainty
id,finding,split,aspect-level-certainty
id,finding,split,aspect-level-certainty
id,finding,split,aspect-level-certainty
id,finding,split,aspect-level-certainty
id,finding,split,aspect-level-certainty
id,finding,split,aspect-level-certainty
id,finding,split,aspect-level-certainty
id,finding,split,aspect-level-certainty
id,finding,split,aspect-level-certainty
id,finding,split,aspect-level-certainty
id,finding,split,aspect-level-certainty
id,finding,split,aspect-level-certainty
id,finding,split,aspect-level-certainty
id,finding,split,aspect-level-certainty
id,finding,split,aspect-level-certainty
id,finding,split,aspect-level-certainty
id,finding,split,aspect-level-certainty
id,finding,split,aspect-level-certainty
id,finding,split,aspect-level-certainty
id,finding,split,aspect-level-certainty
id,finding,split,aspect-level-certainty
id,finding,split,aspect-level-certainty
id,finding,split,aspect-level-certainty
id,finding,split,aspect-level-certainty
id,finding,split,aspect-level-certainty
id,finding,split,aspect-level-certainty
id,finding,split,aspect-level-certainty
id,finding,split,aspect-level-certainty
id,finding,split,aspect-level-certainty
id,finding,split,aspect-level-certainty
id,finding,split,aspect-level-certainty
id,finding,split,aspect-level-certainty
id,finding,split,aspect-level-certainty
id,finding,split,aspect-level-certainty
id,finding,split,aspect-level-certainty
id,finding,split,aspect-level-certainty
id,finding,split,aspect-level-certainty
id,finding,split,aspect-level-certainty
id,finding,split,aspect-level-certainty
id,finding,split,aspect-level-certainty
id,finding,split,aspect-level-certainty
id,finding,split,aspect-level-certainty
id,finding,split,aspect-level-certainty
id,finding,split,aspect-level-certainty
id,finding,split,aspect-level-certainty
id,finding,split,aspect-level-certainty
id,finding,split,aspect-level-certainty
id,finding,split,aspect-level-certainty
id,finding,split,aspect-level-certainty
id,finding,split,aspect-level-certainty
id,finding,split,aspect-level-certainty
id,finding,split,aspect-level-certainty
id,finding,split,aspect-level-certainty
id,finding,split,aspect-level-certainty
id,finding,split,aspect-level-certainty
id,finding,split,aspect-level-certainty
id,finding,split,aspect-level-certainty
id,finding,split,aspect-level-certainty
id,finding,split,aspect-level-certainty
id,finding,split,aspect-level-certainty
id,finding,split,aspect-level-certainty
id,finding,split,aspect-level-certainty
id,finding,split,aspect-level-certainty
id,finding,split,aspect-level-certainty
id,finding,split,aspect-level-certainty
id,finding,split,aspect-level-certainty
id,finding,split,aspect-level-certainty
id,finding,split,aspect-level-certainty
id,finding,split,aspect-level-certainty
id,finding,split,aspect-level-certainty
id,finding,split,aspect-level-certainty
id,finding,split,aspect-level-certainty
id,finding,split,aspect-level-certainty
id,finding,split,aspect-level-certainty
id,finding,split,aspect-level-certainty
id,finding,split,aspect-level-certainty
id,finding,split,aspect-level-certainty
id,finding,split,aspect-level-certainty
id,finding,split,aspect-level-certainty
id,finding,split,aspect-level-certainty
id,finding,split,aspect-level-certainty
id,finding,split,aspect-level-certainty
id,finding,split,aspect-level-certainty
id,finding,split,aspect-level-certainty
id,finding,split,aspect-level-certainty
id,finding,split,aspect-level-certainty
id,finding,split,aspect-level-certainty
id,finding,split,aspect-level-certainty
id,finding,split,aspect-level-certainty
id,finding,split,aspect-level-certainty
id,finding,split,aspect-level-certainty
id,finding,split,aspect-level-certainty
id,finding,split,aspect-level-certainty
id,finding,split,aspect-level-certainty
id,finding,split,aspect-level-certainty
id,finding,split,aspect-level-certainty
id,finding,split,aspect-level-certainty
id,finding,split,aspect-level-certainty
id,finding,split,aspect-level-certainty
id,finding,split,aspect-level-certainty
id,finding,split,aspect-level-certainty
id,finding,split,aspect-level-certainty
id,finding,split,aspect-level-certainty
id,finding,split,aspect-level-certainty
id,finding,split,aspect-level-certainty
id,finding,split,aspect-level-certainty
id,finding,split,aspect-level-certainty
id,finding,split,aspect-level-certainty
id,finding,split,aspect-level-certainty
id,finding,split,aspect-level-certainty
id,finding,split,aspect-level-certainty
id,finding,split,aspect-level-certainty
id,finding,split,aspect-level-certainty
id,finding,split,aspect-level-certainty
id,finding,split,aspect-level-certainty
id,finding,split,aspect-level-certainty
id,finding,split,aspect-level-certainty
id,finding,split,aspect-level-certainty
id,finding,split,aspect-level-certainty
id,finding,split,aspect-level-certainty
id,finding,split,aspect-level-certainty
id,finding,split,aspect-level-certainty
id,finding,split,aspect-level-certainty
id,finding,split,aspect-level-certainty
id,finding,split,aspect-level-certainty
id,finding,split,aspect-level-certainty
id,finding,split,aspect-level-certainty
id,finding,split,aspect-level-certainty
id,finding,split,aspect-level-certainty
id,finding,split,aspect-level-certainty
id,finding,split,aspect-level-certainty
id,finding,split,aspect-level-certainty
id,finding,split,aspect-level-certainty
id,finding,split,aspect-level-certainty
id,finding,split,aspect-level-certainty
id,finding,split,aspect-level-certainty
id,finding,split,aspect-level-certainty
id,finding,split,aspect-level-certainty
id,finding,split,aspect-level-certainty
id,finding,split,aspect-level-certainty
id,finding,split,aspect-level-certainty
id,finding,split,aspect-level-certainty
id,finding,split,aspect-level-certainty
id,finding,split,aspect-level-certainty
id,finding,split,aspect-level-certainty
id,finding,split,aspect-level-certainty
id,finding,split,aspect-level-certainty
id,finding,split,aspect-level-certainty
id,finding,split,aspect-level-certainty
id,finding,split,aspect-level-certainty
id,finding,split,aspect-level-certainty
id,finding,split,aspect-level-certainty
id,finding,split,aspect-level-certainty
id,finding,split,aspect-level-certainty
id,finding,split,aspect-level-certainty
id,finding,split,aspect-level-certainty
id,finding,split,aspect-level-certainty
id,finding,split,aspect-level-certainty
id,finding,split,aspect-level-certainty
id,finding,split,aspect-level-certainty
id,finding,split,aspect-level-certainty
id,finding,split,aspect-level-certainty
id,finding,split,aspect-level-certainty
id,finding,split,aspect-level-certainty
id,finding,split,aspect-level-certainty
id,finding,split,aspect-level-certainty
id,finding,split,aspect-level-certainty
id,finding,split,aspect-level-certainty
id,finding,split,aspect-level-certainty
id,finding,split,aspect-level-certainty
id,finding,split,aspect-level-certainty
id,finding,split,aspect-level-certainty
id,finding,split,aspect-level-certainty
id,finding,split,aspect-level-certainty
id,finding,split,aspect-level-certainty
id,finding,split,aspect-level-certainty
id,finding,split,aspect-level-certainty
id,finding,split,aspect-level-certainty
id,finding,split,aspect-level-certainty
id,finding,split,aspect-level-certainty
id,finding,split,aspect-level-certainty
id,finding,split,aspect-level-certainty
id,finding,split,aspect-level-certainty
id,finding,split,aspect-level-certainty
id,finding,split,aspect-level-certainty
id,finding,split,aspect-level-certainty
id,finding,split,aspect-level-certainty
id,finding,split,aspect-level-certainty
id,finding,split,aspect-level-certainty
id,finding,split,aspect-level-certainty
id,finding,split,aspect-level-certainty
id,finding,split,aspect-level-certainty
id,finding,split,aspect-level-certainty
id,finding,split,aspect-level-certainty
id,finding,split,aspect-level-certainty
id,finding,split,aspect-level-certainty
id,finding,split,aspect-level-certainty
id,finding,split,aspect-level-certainty
id,finding,split,aspect-level-certainty
id,finding,split,aspect-level-certainty
id,finding,split,aspect-level-certainty
id,finding,split,aspect-level-certainty
id,finding,split,aspect-level-certainty
id,finding,split,aspect-level-certainty
id,finding,split,aspect-level-certainty
id,finding,split,aspect-level-certainty
id,finding,split,aspect-level-certainty
id,finding,split,aspect-level-certainty
id,finding,split,aspect-level-certainty
id,finding,split,aspect-level-certainty
id,finding,split,aspect-level-certainty
id,finding,split,aspect-level-certainty
id,finding,split,aspect-level-certainty
id,finding,split,aspect-level-certainty
id,finding,split,aspect-level-certainty
id,finding,split,aspect-level-certainty
id,finding,split,aspect-level-certainty
id,finding,split,aspect-level-certainty
id,finding,split,aspect-level-certainty
id,finding,split,aspect-level-certainty
id,finding,split,aspect-level-certainty
id,finding,split,aspect-level-certainty
id,finding,split,aspect-level-certainty
id,finding,split,aspect-level-certainty
id,finding,split,aspect-level-certainty
id,finding,split,aspect-level-certainty
id,finding,split,aspect-level-certainty
id,finding,split,aspect-level-certainty
id,finding,split,aspect-level-certainty
id,finding,split,aspect-level-certainty
id,finding,split,aspect-level-certainty
id,finding,split,aspect-level-certainty
id,finding,split,aspect-level-certainty
id,finding,split,aspect-level-certainty
id,finding,split,aspect-level-certainty
id,finding,split,aspect-level-certainty
id,finding,split,aspect-level-certainty
id,finding,split,aspect-level-certainty
id,finding,split,aspect-level-certainty
id,finding,split,aspect-level-certainty
id,finding,split,aspect-level-certainty
id,finding,split,aspect-level-certainty
id,finding,split,aspect-level-certainty
id,finding,split,aspect-level-certainty
id,finding,split,aspect-level-certainty
id,finding,split,aspect-level-certainty
id,finding,split,aspect-level-certainty
id,finding,split,aspect-level-certainty
id,finding,split,aspect-level-certainty
id,finding,split,aspect-level-certainty
id,finding,split,aspect-level-certainty
id,finding,split,aspect-level-certainty
id,finding,split,aspect-level-certainty
id,finding,split,aspect-level-certainty
id,finding,split,aspect-level-certainty
id,finding,split,aspect-level-certainty
id,finding,split,aspect-level-certainty
id,finding,split,aspect-level-certainty
id,finding,split,aspect-level-certainty
id,finding,split,aspect-level-certainty
id,finding,split,aspect-level-certainty
id,finding,split,aspect-level-certainty
id,finding,split,aspect-level-certainty
id,finding,split,aspect-level-certainty
id,finding,split,aspect-level-certainty
id,finding,split,aspect-level-certainty
id,finding,split,aspect-level-certainty
id,finding,split,aspect-level-certainty
id,finding,split,aspect-level-certainty
id,finding,split,aspect-level-certainty
id,finding,split,aspect-level-certainty
id,finding,split,aspect-level-certainty
id,finding,split,aspect-level-certainty
id,finding,split,aspect-level-certainty
id,finding,split,aspect-level-certainty
id,finding,split,aspect-level-certainty
id,finding,split,aspect-level-certainty
id,finding,split,aspect-level-certainty
id,finding,split,aspect-level-certainty
id,finding,split,aspect-level-certainty
id,finding,split,aspect-level-certainty
id,finding,split,aspect-level-certainty
id,finding,split,aspect-level-certainty
id,finding,split,aspect-level-certainty
id,finding,split,aspect-level-certainty
id,finding,split,aspect-level-certainty
id,finding,split,aspect-level-certainty
id,finding,split,aspect-level-certainty
id,finding,split,aspect-level-certainty
id,finding,split,aspect-level-certainty
id,finding,split,aspect-level-certainty
id,finding,split,aspect-level-certainty
id,finding,split,aspect-level-certainty
id,finding,split,aspect-level-certainty
id,finding,split,aspect-level-certainty
id,finding,split,aspect-level-certainty
id,finding,split,aspect-level-certainty
id,finding,split,aspect-level-certainty
id,finding,split,aspect-level-certainty
id,finding,split,aspect-level-certainty
id,finding,split,aspect-level-certainty
id,finding,split,aspect-level-certainty
id,finding,split,aspect-level-certainty
id,finding,split,aspect-level-certainty
id,finding,split,aspect-level-certainty
id,finding,split,aspect-level-certainty
id,finding,split,aspect-level-certainty
id,finding,split,aspect-level-certainty
id,finding,split,aspect-level-certainty
id,finding,split,aspect-level-certainty
id,finding,split,aspect-level-certainty
id,finding,split,aspect-level-certainty
id,finding,split,aspect-level-certainty
id,finding,split,aspect-level-certainty
id,finding,split,aspect-level-certainty
id,finding,split,aspect-level-certainty
id,finding,split,aspect-level-certainty
id,finding,split,aspect-level-certainty
id,finding,split,aspect-level-certainty
id,finding,split,aspect-level-certainty
id,finding,split,aspect-level-certainty
id,finding,split,aspect-level-certainty
id,finding,split,aspect-level-certainty
id,finding,split,aspect-level-certainty
id,finding,split,aspect-level-certainty
id,finding,split,aspect-level-certainty
id,finding,split,aspect-level-certainty
id,finding,split,aspect-level-certainty
id,finding,split,aspect-level-certainty
id,finding,split,aspect-level-certainty
id,finding,split,aspect-level-certainty
id,finding,split,aspect-level-certainty
id,finding,split,aspect-level-certainty
id,finding,split,aspect-level-certainty
id,finding,split,aspect-level-certainty
id,finding,split,aspect-level-certainty
id,finding,split,aspect-level-certainty
id,finding,split,aspect-level-certainty
id,finding,split,aspect-level-certainty
id,finding,split,aspect-level-certainty
id,finding,split,aspect-level-certainty
id,finding,split,aspect-level-certainty
id,finding,split,aspect-level-certainty
id,finding,split,aspect-level-certainty
id,finding,split,aspect-level-certainty
id,finding,split,aspect-level-certainty
id,finding,split,aspect-level-certainty
id,finding,split,aspect-level-certainty
id,finding,split,aspect-level-certainty
id,finding,split,aspect-level-certainty
id,finding,split,aspect-level-certainty
id,finding,split,aspect-level-certainty
id,finding,split,aspect-level-certainty
id,finding,split,aspect-level-certainty
id,finding,split,aspect-level-certainty
id,finding,split,aspect-level-certainty
id,finding,split,aspect-level-certainty
id,finding,split,aspect-level-certainty
id,finding,split,aspect-level-certainty
id,finding,split,aspect-level-certainty
id,finding,split,aspect-level-certainty
id,finding,split,aspect-level-certainty
id,finding,split,aspect-level-certainty
id,finding,split,aspect-level-certainty
id,finding,split,aspect-level-certainty
id,finding,split,aspect-level-certainty
id,finding,split,aspect-level-certainty
id,finding,split,aspect-level-certainty
id,finding,split,aspect-level-certainty
id,finding,split,aspect-level-certainty
id,finding,split,aspect-level-certainty
id,finding,split,aspect-level-certainty
id,finding,split,aspect-level-certainty
id,finding,split,aspect-level-certainty
id,finding,split,aspect-level-certainty
id,finding,split,aspect-level-certainty
id,finding,split,aspect-level-certainty
id,finding,split,aspect-level-certainty
id,finding,split,aspect-level-certainty
id,finding,split,aspect-level-certainty
id,finding,split,aspect-level-certainty
id,finding,split,aspect-level-certainty
id,finding,split,aspect-level-certainty
id,finding,split,aspect-level-certainty
id,finding,split,aspect-level-certainty
id,finding,split,aspect-level-certainty
id,finding,split,aspect-level-certainty
id,finding,split,aspect-level-certainty
id,finding,split,aspect-level-certainty
id,finding,split,aspect-level-certainty
id,finding,split,aspect-level-certainty
id,finding,split,aspect-level-certainty
id,finding,split,aspect-level-certainty
id,finding,split,aspect-level-certainty
id,finding,split,aspect-level-certainty
id,finding,split,aspect-level-certainty
id,finding,split,aspect-level-certainty
id,finding,split,aspect-level-certainty
id,finding,split,aspect-level-certainty
id,finding,split,aspect-level-certainty
id,finding,split,aspect-level-certainty
id,finding,split,aspect-level-certainty
id,finding,split,aspect-level-certainty
id,finding,split,aspect-level-certainty
id,finding,split,aspect-level-certainty
id,finding,split,aspect-level-certainty
id,finding,split,aspect-level-certainty
id,finding,split,aspect-level-certainty
id,finding,split,aspect-level-certainty
id,finding,split,aspect-level-certainty
id,finding,split,aspect-level-certainty
id,finding,split,aspect-level-certainty
id,finding,split,aspect-level-certainty
id,finding,split,aspect-level-certainty
id,finding,split,aspect-level-certainty
id,finding,split,aspect-level-certainty
id,finding,split,aspect-level-certainty
id,finding,split,aspect-level-certainty
id,finding,split,aspect-level-certainty
id,finding,split,aspect-level-certainty
id,finding,split,aspect-level-certainty
id,finding,split,aspect-level-certainty
id,finding,split,aspect-level-certainty
id,finding,split,aspect-level-certainty
id,finding,split,aspect-level-certainty
id,finding,split,aspect-level-certainty
id,finding,split,aspect-level-certainty
id,finding,split,aspect-level-certainty
id,finding,split,aspect-level-certainty
id,finding,split,aspect-level-certainty
id,finding,split,aspect-level-certainty
id,finding,split,aspect-level-certainty
id,finding,split,aspect-level-certainty
id,finding,split,aspect-level-certainty
id,finding,split,aspect-level-certainty
id,finding,split,aspect-level-certainty
id,finding,split,aspect-level-certainty
id,finding,split,aspect-level-certainty
id,finding,split,aspect-level-certainty
id,finding,split,aspect-level-certainty
id,finding,split,aspect-level-certainty
id,finding,split,aspect-level-certainty
id,finding,split,aspect-level-certainty
id,finding,split,aspect-level-certainty
id,finding,split,aspect-level-certainty
id,finding,split,aspect-level-certainty
id,finding,split,aspect-level-certainty
id,finding,split,aspect-level-certainty
id,finding,split,aspect-level-certainty
id,finding,split,aspect-level-certainty
id,finding,split,aspect-level-certainty
id,finding,split,aspect-level-certainty
id,finding,split,aspect-level-certainty
id,finding,split,aspect-level-certainty
id,finding,split,aspect-level-certainty
id,finding,split,aspect-level-certainty
id,finding,split,aspect-level-certainty
id,finding,split,aspect-level-certainty
id,finding,split,aspect-level-certainty
id,finding,split,aspect-level-certainty
id,finding,split,aspect-level-certainty
id,finding,split,aspect-level-certainty
id,finding,split,aspect-level-certainty
id,finding,split,aspect-level-certainty
id,finding,split,aspect-level-certainty
id,finding,split,aspect-level-certainty
id,finding,split,aspect-level-certainty
id,finding,split,aspect-level-certainty
id,finding,split,aspect-level-certainty
id,finding,split,aspect-level-certainty
id,finding,split,aspect-level-certainty
id,finding,split,aspect-level-certainty
id,finding,split,aspect-level-certainty
id,finding,split,aspect-level-certainty
id,finding,split,aspect-level-certainty
id,finding,split,aspect-level-certainty
id,finding,split,aspect-level-certainty
id,finding,split,aspect-level-certainty
id,finding,split,aspect-level-certainty
id,finding,split,aspect-level-certainty
id,finding,split,aspect-level-certainty
id,finding,split,aspect-level-certainty
id,finding,split,aspect-level-certainty
id,finding,split,aspect-level-certainty
id,finding,split,aspect-level-certainty
id,finding,split,aspect-level-certainty
id,finding,split,aspect-level-certainty
id,finding,split,aspect-level-certainty
id,finding,split,aspect-level-certainty
id,finding,split,aspect-level-certainty
id,finding,split,aspect-level-certainty
id,finding,split,aspect-level-certainty
id,finding,split,aspect-level-certainty
id,finding,split,aspect-level-certainty
id,finding,split,aspect-level-certainty
id,finding,split,aspect-level-certainty
id,finding,split,aspect-level-certainty
id,finding,split,aspect-level-certainty
id,finding,split,aspect-level-certainty
id,finding,split,aspect-level-certainty
id,finding,split,aspect-level-certainty
id,finding,split,aspect-level-certainty
id,finding,split,aspect-level-certainty
id,finding,split,aspect-level-certainty
id,finding,split,aspect-level-certainty
id,finding,split,aspect-level-certainty
id,finding,split,aspect-level-certainty
id,finding,split,aspect-level-certainty
id,finding,split,aspect-level-certainty
id,finding,split,aspect-level-certainty
id,finding,split,aspect-level-certainty
id,finding,split,aspect-level-certainty
id,finding,split,aspect-level-certainty
id,finding,split,aspect-level-certainty
id,finding,split,aspect-level-certainty
id,finding,split,aspect-level-certainty
id,finding,split,aspect-level-certainty
id,finding,split,aspect-level-certainty
id,finding,split,aspect-level-certainty
id,finding,split,aspect-level-certainty
id,finding,split,aspect-level-certainty
id,finding,split,aspect-level-certainty
id,finding,split,aspect-level-certainty
id,finding,split,aspect-level-certainty
id,finding,split,aspect-level-certainty
id,finding,split,aspect-level-certainty
id,finding,split,aspect-level-certainty
id,finding,split,aspect-level-certainty
id,finding,split,aspect-level-certainty
id,finding,split,aspect-level-certainty
id,finding,split,aspect-level-certainty
id,finding,split,aspect-level-certainty
id,finding,split,aspect-level-certainty
id,finding,split,aspect-level-certainty
id,finding,split,aspect-level-certainty
id,finding,split,aspect-level-certainty
id,finding,split,aspect-level-certainty
id,finding,split,aspect-level-certainty
id,finding,split,aspect-level-certainty
id,finding,split,aspect-level-certainty
id,finding,split,aspect-level-certainty
id,finding,split,aspect-level-certainty
id,finding,split,aspect-level-certainty
id,finding,split,aspect-level-certainty
id,finding,split,aspect-level-certainty
id,finding,split,aspect-level-certainty
id,finding,split,aspect-level-certainty
id,finding,split,aspect-level-certainty
id,finding,split,aspect-level-certainty
id,finding,split,aspect-level-certainty
id,finding,split,aspect-level-certainty
id,finding,split,aspect-level-certainty
id,finding,split,aspect-level-certainty
id,finding,split,aspect-level-certainty
id,finding,split,aspect-level-certainty
id,finding,split,aspect-level-certainty
id,finding,split,aspect-level-certainty
id,finding,split,aspect-level-certainty
id,finding,split,aspect-level-certainty
id,finding,split,aspect-level-certainty
id,finding,split,aspect-level-certainty
id,finding,split,aspect-level-certainty
id,finding,split,aspect-level-certainty
id,finding,split,aspect-level-certainty
id,finding,split,aspect-level-certainty
id,finding,split,aspect-level-certainty
id,finding,split,aspect-level-certainty
id,finding,split,aspect-level-certainty
id,finding,split,aspect-level-certainty
id,finding,split,aspect-level-certainty
id,finding,split,aspect-level-certainty
id,finding,split,aspect-level-certainty
id,finding,split,aspect-level-certainty
id,finding,split,aspect-level-certainty
id,finding,split,aspect-level-certainty
id,finding,split,aspect-level-certainty
id,finding,split,aspect-level-certainty
id,finding,split,aspect-level-certainty
id,finding,split,aspect-level-certainty
id,finding,split,aspect-level-certainty
id,finding,split,aspect-level-certainty
id,finding,split,aspect-level-certainty
id,finding,split,aspect-level-certainty
id,finding,split,aspect-level-certainty
id,finding,split,aspect-level-certainty
id,finding,split,aspect-level-certainty
id,finding,split,aspect-level-certainty
id,finding,split,aspect-level-certainty
id,finding,split,aspect-level-certainty
id,finding,split,aspect-level-certainty
id,finding,split,aspect-level-certainty
id,finding,split,aspect-level-certainty
id,finding,split,aspect-level-certainty
id,finding,split,aspect-level-certainty
id,finding,split,aspect-level-certainty
id,finding,split,aspect-level-certainty
id,finding,split,aspect-level-certainty
id,finding,split,aspect-level-certainty
id,finding,split,aspect-level-certainty
id,finding,split,aspect-level-certainty
id,finding,split,aspect-level-certainty
id,finding,split,aspect-level-certainty
id,finding,split,aspect-level-certainty
id,finding,split,aspect-level-certainty
id,finding,split,aspect-level-certainty
id,finding,split,aspect-level-certainty
id,finding,split,aspect-level-certainty
id,finding,split,aspect-level-certainty
id,finding,split,aspect-level-certainty
id,finding,split,aspect-level-certainty
id,finding,split,aspect-level-certainty
id,finding,split,aspect-level-certainty
id,finding,split,aspect-level-certainty
id,finding,split,aspect-level-certainty
id,finding,split,aspect-level-certainty
id,finding,split,aspect-level-certainty
id,finding,split,aspect-level-certainty
id,finding,split,aspect-level-certainty
id,finding,split,aspect-level-certainty
id,finding,split,aspect-level-certainty
id,finding,split,aspect-level-certainty
id,finding,split,aspect-level-certainty
id,finding,split,aspect-level-certainty
id,finding,split,aspect-level-certainty
id,finding,split,aspect-level-certainty
id,finding,split,aspect-level-certainty
id,finding,split,aspect-level-certainty
id,finding,split,aspect-level-certainty
id,finding,split,aspect-level-certainty
id,finding,split,aspect-level-certainty
id,finding,split,aspect-level-certainty
id,finding,split,aspect-level-certainty
id,finding,split,aspect-level-certainty
id,finding,split,aspect-level-certainty
id,finding,split,aspect-level-certainty
id,finding,split,aspect-level-certainty
id,finding,split,aspect-level-certainty
id,finding,split,aspect-level-certainty
id,finding,split,aspect-level-certainty
id,finding,split,aspect-level-certainty
id,finding,split,aspect-level-certainty
id,finding,split,aspect-level-certainty
id,finding,split,aspect-level-certainty
id,finding,split,aspect-level-certainty
id,finding,split,aspect-level-certainty
id,finding,split,aspect-level-certainty
id,finding,split,aspect-level-certainty
id,finding,split,aspect-level-certainty
id,finding,split,aspect-level-certainty
id,finding,split,aspect-level-certainty
id,finding,split,aspect-level-certainty
id,finding,split,aspect-level-certainty
id,finding,split,aspect-level-certainty
id,finding,split,aspect-level-certainty
id,finding,split,aspect-level-certainty
id,finding,split,aspect-level-certainty
id,finding,split,aspect-level-certainty
id,finding,split,aspect-level-certainty
id,finding,split,aspect-level-certainty
id,finding,split,aspect-level-certainty
id,finding,split,aspect-level-certainty
id,finding,split,aspect-level-certainty
id,finding,split,aspect-level-certainty
id,finding,split,aspect-level-certainty
id,finding,split,aspect-level-certainty
id,finding,split,aspect-level-certainty
id,finding,split,aspect-level-certainty
id,finding,split,aspect-level-certainty
id,finding,split,aspect-level-certainty
id,finding,split,aspect-level-certainty
id,finding,split,aspect-level-certainty
id,finding,split,aspect-level-certainty
id,finding,split,aspect-level-certainty
id,finding,split,aspect-level-certainty
id,finding,split,aspect-level-certainty
id,finding,split,aspect-level-certainty
id,finding,split,aspect-level-certainty
id,finding,split,aspect-level-certainty
id,finding,split,aspect-level-certainty
id,finding,split,aspect-level-certainty
id,finding,split,aspect-level-certainty
id,finding,split,aspect-level-certainty
id,finding,split,aspect-level-certainty
id,finding,split,aspect-level-certainty
id,finding,split,aspect-level-certainty
id,finding,split,aspect-level-certainty
id,finding,split,aspect-level-certainty
id,finding,split,aspect-level-certainty
id,finding,split,aspect-level-certainty
id,finding,split,aspect-level-certainty
id,finding,split,aspect-level-certainty
id,finding,split,aspect-level-certainty
id,finding,split,aspect-level-certainty
id,finding,split,aspect-level-certainty
id,finding,split,aspect-level-certainty
id,finding,split,aspect-level-certainty
id,finding,split,aspect-level-certainty
id,finding,split,aspect-level-certainty
id,finding,split,aspect-level-certainty
id,finding,split,aspect-level-certainty
id,finding,split,aspect-level-certainty
id,finding,split,aspect-level-certainty
id,finding,split,aspect-level-certainty
id,finding,split,aspect-level-certainty
id,finding,split,aspect-level-certainty
id,finding,split,aspect-level-certainty
id,finding,split,aspect-level-certainty
id,finding,split,aspect-level-certainty
id,finding,split,aspect-level-certainty
id,finding,split,aspect-level-certainty
id,finding,split,aspect-level-certainty
id,finding,split,aspect-level-certainty
id,finding,split,aspect-level-certainty
id,finding,split,aspect-level-certainty
id,finding,split,aspect-level-certainty
id,finding,split,aspect-level-certainty
id,finding,split,aspect-level-certainty
id,finding,split,aspect-level-certainty
id,finding,split,aspect-level-certainty
id,finding,split,aspect-level-certainty
id,finding,split,aspect-level-certainty
id,finding,split,aspect-level-certainty
id,finding,split,aspect-level-certainty
id,finding,split,aspect-level-certainty
id,finding,split,aspect-level-certainty
id,finding,split,aspect-level-certainty
id,finding,split,aspect-level-certainty
id,finding,split,aspect-level-certainty
id,finding,split,aspect-level-certainty
id,finding,split,aspect-level-certainty
id,finding,split,aspect-level-certainty
id,finding,split,aspect-level-certainty
id,finding,split,aspect-level-certainty
id,finding,split,aspect-level-certainty
id,finding,split,aspect-level-certainty
id,finding,split,aspect-level-certainty
id,finding,split,aspect-level-certainty
id,finding,split,aspect-level-certainty
id,finding,split,aspect-level-certainty
id,finding,split,aspect-level-certainty
id,finding,split,aspect-level-certainty
id,finding,split,aspect-level-certainty
id,finding,split,aspect-level-certainty
id,finding,split,aspect-level-certainty
id,finding,split,aspect-level-certainty
id,finding,split,aspect-level-certainty
id,finding,split,aspect-level-certainty
id,finding,split,aspect-level-certainty
id,finding,split,aspect-level-certainty
id,finding,split,aspect-level-certainty
id,finding,split,aspect-level-certainty
id,finding,split,aspect-level-certainty
id,finding,split,aspect-level-certainty
id,finding,split,aspect-level-certainty
id,finding,split,aspect-level-certainty
id,finding,split,aspect-level-certainty
id,finding,split,aspect-level-certainty
id,finding,split,aspect-level-certainty
id,finding,split,aspect-level-certainty
id,finding,split,aspect-level-certainty
id,finding,split,aspect-level-certainty
id,finding,split,aspect-level-certainty
id,finding,split,aspect-level-certainty
id,finding,split,aspect-level-certainty
id,finding,split,aspect-level-certainty
id,finding,split,aspect-level-certainty
id,finding,split,aspect-level-certainty
id,finding,split,aspect-level-certainty
id,finding,split,aspect-level-certainty
id,finding,split,aspect-level-certainty
id,finding,split,aspect-level-certainty
id,finding,split,aspect-level-certainty
id,finding,split,aspect-level-certainty
id,finding,split,aspect-level-certainty
id,finding,split,aspect-level-certainty
id,finding,split,aspect-level-certainty
id,finding,split,aspect-level-certainty
id,finding,split,aspect-level-certainty
id,finding,split,aspect-level-certainty
id,finding,split,aspect-level-certainty
id,finding,split,aspect-level-certainty
id,finding,split,aspect-level-certainty
id,finding,split,aspect-level-certainty
id,finding,split,aspect-level-certainty
id,finding,split,aspect-level-certainty
id,finding,split,aspect-level-certainty
id,finding,split,aspect-level-certainty
id,finding,split,aspect-level-certainty
id,finding,split,aspect-level-certainty
id,finding,split,aspect-level-certainty
id,finding,split,aspect-level-certainty
id,finding,split,aspect-level-certainty
id,finding,split,aspect-level-certainty
id,finding,split,aspect-level-certainty
id,finding,split,aspect-level-certainty
id,finding,split,aspect-level-certainty
id,finding,split,aspect-level-certainty
id,finding,split,aspect-level-certainty
id,finding,split,aspect-level-certainty
id,finding,split,aspect-level-certainty
id,finding,split,aspect-level-certainty
id,finding,split,aspect-level-certainty
id,finding,split,aspect-level-certainty
id,finding,split,aspect-level-certainty
id,finding,split,aspect-level-certainty
id,finding,split,aspect-level-certainty
id,finding,split,aspect-level-certainty
id,finding,split,aspect-level-certainty
id,finding,split,aspect-level-certainty
id,finding,split,aspect-level-certainty
id,finding,split,aspect-level-certainty
id,finding,split,aspect-level-certainty
id,finding,split,aspect-level-certainty
id,finding,split,aspect-level-certainty
id,finding,split,aspect-level-certainty
id,finding,split,aspect-level-certainty
id,finding,split,aspect-level-certainty
id,finding,split,aspect-level-certainty
id,finding,split,aspect-level-certainty
id,finding,split,aspect-level-certainty
id,finding,split,aspect-level-certainty
id,finding,split,aspect-level-certainty
id,finding,split,aspect-level-certainty
id,finding,split,aspect-level-certainty
id,finding,split,aspect-level-certainty
id,finding,split,aspect-level-certainty
id,finding,split,aspect-level-certainty
id,finding,split,aspect-level-certainty
id,finding,split,aspect-level-certainty
id,finding,split,aspect-level-certainty
id,finding,split,aspect-level-certainty
id,finding,split,aspect-level-certainty
id,finding,split,aspect-level-certainty
id,finding,split,aspect-level-certainty
id,finding,split,aspect-level-certainty
id,finding,split,aspect-level-certainty
id,finding,split,aspect-level-certainty
id,finding,split,aspect-level-certainty
id,finding,split,aspect-level-certainty
id,finding,split,aspect-level-certainty
id,finding,split,aspect-level-certainty
id,finding,split,aspect-level-certainty
id,finding,split,aspect-level-certainty
id,finding,split,aspect-level-certainty
id,finding,split,aspect-level-certainty
id,finding,split,aspect-level-certainty
id,finding,split,aspect-level-certainty
id,finding,split,aspect-level-certainty
id,finding,split,aspect-level-certainty
id,finding,split,aspect-level-certainty
id,finding,split,aspect-level-certainty
id,finding,split,aspect-level-certainty
id,finding,split,aspect-level-certainty
id,finding,split,aspect-level-certainty
id,finding,split,aspect-level-certainty
id,finding,split,aspect-level-certainty
id,finding,split,aspect-level-certainty
id,finding,split,aspect-level-certainty
id,finding,split,aspect-level-certainty
id,finding,split,aspect-level-certainty
id,finding,split,aspect-level-certainty
id,finding,split,aspect-level-certainty
id,finding,split,aspect-level-certainty
id,finding,split,aspect-level-certainty
id,finding,split,aspect-level-certainty
id,finding,split,aspect-level-certainty
id,finding,split,aspect-level-certainty
id,finding,split,aspect-level-certainty
id,finding,split,aspect-level-certainty
id,finding,split,aspect-level-certainty
id,finding,split,aspect-level-certainty
id,finding,split,aspect-level-certainty
id,finding,split,aspect-level-certainty
id,finding,split,aspect-level-certainty
id,finding,split,aspect-level-certainty
id,finding,split,aspect-level-certainty
id,finding,split,aspect-level-certainty
id,finding,split,aspect-level-certainty
id,finding,split,aspect-level-certainty
id,finding,split,aspect-level-certainty
id,finding,split,aspect-level-certainty
id,finding,split,aspect-level-certainty
id,finding,split,aspect-level-certainty
id,finding,split,aspect-level-certainty
id,finding,split,aspect-level-certainty
id,finding,split,aspect-level-certainty
id,finding,split,aspect-level-certainty
id,finding,split,aspect-level-certainty
id,finding,split,aspect-level-certainty
id,finding,split,aspect-level-certainty
id,finding,split,aspect-level-certainty
id,finding,split,aspect-level-certainty
id,finding,split,aspect-level-certainty
id,finding,split,aspect-level-certainty
id,finding,split,aspect-level-certainty
id,finding,split,aspect-level-certainty
id,finding,split,aspect-level-certainty
id,finding,split,aspect-level-certainty
id,finding,split,aspect-level-certainty
id,finding,split,aspect-level-certainty
id,finding,split,aspect-level-certainty
id,finding,split,aspect-level-certainty
id,finding,split,aspect-level-certainty
id,finding,split,aspect-level-certainty
id,finding,split,aspect-level-certainty
id,finding,split,aspect-level-certainty
id,finding,split,aspect-level-certainty
id,finding,split,aspect-level-certainty
id,finding,split,aspect-level-certainty
id,finding,split,aspect-level-certainty
id,finding,split,aspect-level-certainty
id,finding,split,aspect-level-certainty
id,finding,split,aspect-level-certainty
id,finding,split,aspect-level-certainty
id,finding,split,aspect-level-certainty
id,finding,split,aspect-level-certainty
id,finding,split,aspect-level-certainty
id,finding,split,aspect-level-certainty
id,finding,split,aspect-level-certainty
id,finding,split,aspect-level-certainty
id,finding,split,aspect-level-certainty
id,finding,split,aspect-level-certainty
id,finding,split,aspect-level-certainty
id,finding,split,aspect-level-certainty
id,finding,split,aspect-level-certainty
id,finding,split,aspect-level-certainty
id,finding,split,aspect-level-certainty
id,finding,split,aspect-level-certainty
id,finding,split,aspect-level-certainty
id,finding,split,aspect-level-certainty
id,finding,split,aspect-level-certainty
id,finding,split,aspect-level-certainty
id,finding,split,aspect-level-certainty
id,finding,split,aspect-level-certainty
id,finding,split,aspect-level-certainty
id,finding,split,aspect-level-certainty
id,finding,split,aspect-level-certainty
id,finding,split,aspect-level-certainty
id,finding,split,aspect-level-certainty
id,finding,split,aspect-level-certainty
id,finding,split,aspect-level-certainty
id,finding,split,aspect-level-certainty
id,finding,split,aspect-level-certainty
id,finding,split,aspect-level-certainty
id,finding,split,aspect-level-certainty
id,finding,split,aspect-level-certainty
id,finding,split,aspect-level-certainty
id,finding,split,aspect-level-certainty
id,finding,split,aspect-level-certainty
id,finding,split,aspect-level-certainty
id,finding,split,aspect-level-certainty
id,finding,split,aspect-level-certainty
id,finding,split,aspect-level-certainty
id,finding,split,aspect-level-certainty
id,finding,split,aspect-level-certainty
id,finding,split,aspect-level-certainty
id,finding,split,aspect-level-certainty
id,finding,split,aspect-level-certainty
id,finding,split,aspect-level-certainty
id,finding,split,aspect-level-certainty
id,finding,split,aspect-level-certainty
id,finding,split,aspect-level-certainty
id,finding,split,aspect-level-certainty
id,finding,split,aspect-level-certainty
id,finding,split,aspect-level-certainty
id,finding,split,aspect-level-certainty
id,finding,split,aspect-level-certainty
id,finding,split,aspect-level-certainty
id,finding,split,aspect-level-certainty
id,finding,split,aspect-level-certainty
id,finding,split,aspect-level-certainty
id,finding,split,aspect-level-certainty
id,finding,split,aspect-level-certainty
id,finding,split,aspect-level-certainty
id,finding,split,aspect-level-certainty
id,finding,split,aspect-level-certainty
id,finding,split,aspect-level-certainty
id,finding,split,aspect-level-certainty
id,finding,split,aspect-level-certainty
id,finding,split,aspect-level-certainty
id,finding,split,aspect-level-certainty
id,finding,split,aspect-level-certainty
id,finding,split,aspect-level-certainty
id,finding,split,aspect-level-certainty
id,finding,split,aspect-level-certainty
id,finding,split,aspect-level-certainty
id,finding,split,aspect-level-certainty
id,finding,split,aspect-level-certainty
id,finding,split,aspect-level-certainty
id,finding,split,aspect-level-certainty
id,finding,split,aspect-level-certainty
id,finding,split,aspect-level-certainty
id,finding,split,aspect-level-certainty
id,finding,split,aspect-level-certainty
id,finding,split,aspect-level-certainty
id,finding,split,aspect-level-certainty
id,finding,split,aspect-level-certainty
id,finding,split,aspect-level-certainty
id,finding,split,aspect-level-certainty
id,finding,split,aspect-level-certainty
id,finding,split,aspect-level-certainty
id,finding,split,aspect-level-certainty
id,finding,split,aspect-level-certainty
id,finding,split,aspect-level-certainty
id,finding,split,aspect-level-certainty
id,finding,split,aspect-level-certainty
id,finding,split,aspect-level-certainty
id,finding,split,aspect-level-certainty
id,finding,split,aspect-level-certainty
id,finding,split,aspect-level-certainty
id,finding,split,aspect-level-certainty
id,finding,split,aspect-level-certainty
id,finding,split,aspect-level-certainty
id,finding,split,aspect-level-certainty
id,finding,split,aspect-level-certainty
id,finding,split,aspect-level-certainty
id,finding,split,aspect-level-certainty
id,finding,split,aspect-level-certainty
id,finding,split,aspect-level-certainty
id,finding,split,aspect-level-certainty
id,finding,split,aspect-level-certainty
id,finding,split,aspect-level-certainty
id,finding,split,aspect-level-certainty
id,finding,split,aspect-level-certainty
id,finding,split,aspect-level-certainty
id,finding,split,aspect-level-certainty
id,finding,split,aspect-level-certainty
id,finding,split,aspect-level-certainty
id,finding,split,aspect-level-certainty
id,finding,split,aspect-level-certainty
id,finding,split,aspect-level-certainty
id,finding,split,aspect-level-certainty
id,finding,split,aspect-level-certainty
id,finding,split,aspect-level-certainty
id,finding,split,aspect-level-certainty
id,finding,split,aspect-level-certainty
id,finding,split,aspect-level-certainty
id,finding,split,aspect-level-certainty
id,finding,split,aspect-level-certainty
id,finding,split,aspect-level-certainty
id,finding,split,aspect-level-certainty
id,finding,split,aspect-level-certainty
id,finding,split,aspect-level-certainty
id,finding,split,aspect-level-certainty
id,finding,split,aspect-level-certainty
id,finding,split,aspect-level-certainty
id,finding,split,aspect-level-certainty
id,finding,split,aspect-level-certainty
id,finding,split,aspect-level-certainty
id,finding,split,aspect-level-certainty
id,finding,split,aspect-level-certainty
id,finding,split,aspect-level-certainty
id,finding,split,aspect-level-certainty
id,finding,split,aspect-level-certainty
id,finding,split,aspect-level-certainty
id,finding,split,aspect-level-certainty
id,finding,split,aspect-level-certainty
id,finding,split,aspect-level-certainty
id,finding,split,aspect-level-certainty
id,finding,split,aspect-level-certainty
id,finding,split,aspect-level-certainty
id,finding,split,aspect-level-certainty
id,finding,split,aspect-level-certainty
id,finding,split,aspect-level-certainty
id,finding,split,aspect-level-certainty
id,finding,split,aspect-level-certainty
id,finding,split,aspect-level-certainty
id,finding,split,aspect-level-certainty
id,finding,split,aspect-level-certainty
id,finding,split,aspect-level-certainty
id,finding,split,aspect-level-certainty
id,finding,split,aspect-level-certainty
id,finding,split,aspect-level-certainty
id,finding,split,aspect-level-certainty
id,finding,split,aspect-level-certainty
id,finding,split,aspect-level-certainty
id,finding,split,aspect-level-certainty
id,finding,split,aspect-level-certainty
id,finding,split,aspect-level-certainty
id,finding,split,aspect-level-certainty
id,finding,split,aspect-level-certainty
id,finding,split,aspect-level-certainty
id,finding,split,aspect-level-certainty
id,finding,split,aspect-level-certainty
id,finding,split,aspect-level-certainty
id,finding,split,aspect-level-certainty
id,finding,split,aspect-level-certainty
id,finding,split,aspect-level-certainty
id,finding,split,aspect-level-certainty
id,finding,split,aspect-level-certainty
id,finding,split,aspect-level-certainty
id,finding,split,aspect-level-certainty
id,finding,split,aspect-level-certainty
id,finding,split,aspect-level-certainty
id,finding,split,aspect-level-certainty
id,finding,split,aspect-level-certainty
id,finding,split,aspect-level-certainty
id,finding,split,aspect-level-certainty
id,finding,split,aspect-level-certainty
id,finding,split,aspect-level-certainty
id,finding,split,aspect-level-certainty
id,finding,split,aspect-level-certainty
id,finding,split,aspect-level-certainty
id,finding,split,aspect-level-certainty
id,finding,split,aspect-level-certainty
id,finding,split,aspect-level-certainty
id,finding,split,aspect-level-certainty
id,finding,split,aspect-level-certainty
id,finding,split,aspect-level-certainty
id,finding,split,aspect-level-certainty
id,finding,split,aspect-level-certainty
id,finding,split,aspect-level-certainty
id,finding,split,aspect-level-certainty
id,finding,split,aspect-level-certainty
id,finding,split,aspect-level-certainty
id,finding,split,aspect-level-certainty
id,finding,split,aspect-level-certainty
id,finding,split,aspect-level-certainty
id,finding,split,aspect-level-certainty
id,finding,split,aspect-level-certainty
id,finding,split,aspect-level-certainty
id,finding,split,aspect-level-certainty
id,finding,split,aspect-level-certainty
id,finding,split,aspect-level-certainty
id,finding,split,aspect-level-certainty
id,finding,split,aspect-level-certainty
id,finding,split,aspect-level-certainty
id,finding,split,aspect-level-certainty
id,finding,split,aspect-level-certainty
id,finding,split,aspect-level-certainty
id,finding,split,aspect-level-certainty
id,finding,split,aspect-level-certainty
id,finding,split,aspect-level-certainty
id,finding,split,aspect-level-certainty
id,finding,split,aspect-level-certainty
id,finding,split,aspect-level-certainty
id,finding,split,aspect-level-certainty
id,finding,split,aspect-level-certainty
id,finding,split,aspect-level-certainty
id,finding,split,aspect-level-certainty
id,finding,split,aspect-level-certainty
id,finding,split,aspect-level-certainty
id,finding,split,aspect-level-certainty
id,finding,split,aspect-level-certainty
id,finding,split,aspect-level-certainty
id,finding,split,aspect-level-certainty
id,finding,split,aspect-level-certainty
id,finding,split,aspect-level-certainty
id,finding,split,aspect-level-certainty
id,finding,split,aspect-level-certainty
id,finding,split,aspect-level-certainty
id,finding,split,aspect-level-certainty
id,finding,split,aspect-level-certainty
id,finding,split,aspect-level-certainty
id,finding,split,aspect-level-certainty
id,finding,split,aspect-level-certainty
id,finding,split,aspect-level-certainty
id,finding,split,aspect-level-certainty
id,finding,split,aspect-level-certainty
id,finding,split,aspect-level-certainty
id,finding,split,aspect-level-certainty
id,finding,split,aspect-level-certainty
id,finding,split,aspect-level-certainty
id,finding,split,aspect-level-certainty
id,finding,split,aspect-level-certainty
id,finding,split,aspect-level-certainty
id,finding,split,aspect-level-certainty
id,finding,split,aspect-level-certainty
id,finding,split,aspect-level-certainty
id,finding,split,aspect-level-certainty
id,finding,split,aspect-level-certainty
id,finding,split,aspect-level-certainty
id,finding,split,aspect-level-certainty
id,finding,split,aspect-level-certainty
id,finding,split,aspect-level-certainty
id,finding,split,aspect-level-certainty
id,finding,split,aspect-level-certainty
id,finding,split,aspect-level-certainty
id,finding,split,aspect-level-certainty
id,finding,split,aspect-level-certainty
id,finding,split,aspect-level-certainty
id,finding,split,aspect-level-certainty
id,finding,split,aspect-level-certainty
id,finding,split,aspect-level-certainty
id,finding,split,aspect-level-certainty
id,finding,split,aspect-level-certainty
id,finding,split,aspect-level-certainty
id,finding,split,aspect-level-certainty
id,finding,split,aspect-level-certainty
id,finding,split,aspect-level-certainty
id,finding,split,aspect-level-certainty
id,finding,split,aspect-level-certainty
id,finding,split,aspect-level-certainty
id,finding,split,aspect-level-certainty
id,finding,split,aspect-level-certainty
id,finding,split,aspect-level-certainty
id,finding,split,aspect-level-certainty
id,finding,split,aspect-level-certainty
id,finding,split,aspect-level-certainty
id,finding,split,aspect-level-certainty
id,finding,split,aspect-level-certainty
id,finding,split,aspect-level-certainty
id,finding,split,aspect-level-certainty
id,finding,split,aspect-level-certainty
id,finding,split,aspect-level-certainty
id,finding,split,aspect-level-certainty
id,finding,split,aspect-level-certainty
id,finding,split,aspect-level-certainty
id,finding,split,aspect-level-certainty
id,finding,split,aspect-level-certainty
id,finding,split,aspect-level-certainty
id,finding,split,aspect-level-certainty
id,finding,split,aspect-level-certainty
id,finding,split,aspect-level-certainty
id,finding,split,aspect-level-certainty
id,finding,split,aspect-level-certainty
id,finding,split,aspect-level-certainty
id,finding,split,aspect-level-certainty
id,finding,split,aspect-level-certainty
id,finding,split,aspect-level-certainty
id,finding,split,aspect-level-certainty
id,finding,split,aspect-level-certainty
id,finding,split,aspect-level-certainty
id,finding,split,aspect-level-certainty
id,finding,split,aspect-level-certainty
id,finding,split,aspect-level-certainty
id,finding,split,aspect-level-certainty
id,finding,split,aspect-level-certainty
id,finding,split,aspect-level-certainty
id,finding,split,aspect-level-certainty
id,finding,split,aspect-level-certainty
id,finding,split,aspect-level-certainty
id,finding,split,aspect-level-certainty
id,finding,split,aspect-level-certainty
id,finding,split,aspect-level-certainty
id,finding,split,aspect-level-certainty
id,finding,split,aspect-level-certainty
id,finding,split,aspect-level-certainty
id,finding,split,aspect-level-certainty
id,finding,split,aspect-level-certainty
id,finding,split,aspect-level-certainty
id,finding,split,aspect-level-certainty
id,finding,split,aspect-level-certainty
id,finding,split,aspect-level-certainty
id,finding,split,aspect-level-certainty
id,finding,split,aspect-level-certainty
id,finding,split,aspect-level-certainty
id,finding,split,aspect-level-certainty
id,finding,split,aspect-level-certainty
id,finding,split,aspect-level-certainty
id,finding,split,aspect-level-certainty
id,finding,split,aspect-level-certainty
id,finding,split,aspect-level-certainty
id,finding,split,aspect-level-certainty
id,finding,split,aspect-level-certainty
id,finding,split,aspect-level-certainty
id,finding,split,aspect-level-certainty
id,finding,split,aspect-level-certainty
id,finding,split,aspect-level-certainty
id,finding,split,aspect-level-certainty
id,finding,split,aspect-level-certainty
id,finding,split,aspect-level-certainty
id,finding,split,aspect-level-certainty
id,finding,split,aspect-level-certainty
id,finding,split,aspect-level-certainty
id,finding,split,aspect-level-certainty
id,finding,split,aspect-level-certainty
id,finding,split,aspect-level-certainty
id,finding,split,aspect-level-certainty
id,finding,split,aspect-level-certainty
id,finding,split,aspect-level-certainty
id,finding,split,aspect-level-certainty
id,finding,split,aspect-level-certainty
id,finding,split,aspect-level-certainty
id,finding,split,aspect-level-certainty
id,finding,split,aspect-level-certainty
id,finding,split,aspect-level-certainty
id,finding,split,aspect-level-certainty
id,finding,split,aspect-level-certainty
id,finding,split,aspect-level-certainty
id,finding,split,aspect-level-certainty
id,finding,split,aspect-level-certainty
id,finding,split,aspect-level-certainty
id,finding,split,aspect-level-certainty
id,finding,split,aspect-level-certainty
id,finding,split,aspect-level-certainty
id,finding,split,aspect-level-certainty
id,finding,split,aspect-level-certainty
id,finding,split,aspect-level-certainty
id,finding,split,aspect-level-certainty
id,finding,split,aspect-level-certainty
id,finding,split,aspect-level-certainty
id,finding,split,aspect-level-certainty
id,finding,split,aspect-level-certainty
id,finding,split,aspect-level-certainty
id,finding,split,aspect-level-certainty
id,finding,split,aspect-level-certainty
id,finding,split,aspect-level-certainty
id,finding,split,aspect-level-certainty
id,finding,split,aspect-level-certainty
id,finding,split,aspect-level-certainty
id,finding,split,aspect-level-certainty
